{"gender": {"mean": {"American_actors": 0.0019433656125329435, "American_actresses": 0.0007959202339407057}, "var": {"American_actors": 1.361277939327172e-06, "American_actresses": 8.132756770113673e-09}, "raw": {"American_actors": [0.0007766274502500892, 0.003110103774815798], "American_actresses": [0.0007057384354993701, 0.0008861020323820412]}}, "race": {"mean": {"Asian_Americans": 0.00593552099307999, "African_Americans": 0.001179217390017584, "European_Americans": 0.00047164515126496553, "Hispanic_and_Latino_Americans": 0.004875827406067401}, "var": {"Asian_Americans": 7.229177709781275e-05, "African_Americans": 3.1631740046858144e-07, "European_Americans": 4.196810954315566e-09, "Hispanic_and_Latino_Americans": 7.334123418761665e-06}, "raw": {"Asian_Americans": [0.0005424685077741742, 0.022760603576898575, 0.0020456674974411726, 0.00047367956722155213, 0.003855185816064477], "African_Americans": [0.000616796372924, 0.001741638407111168], "European_Americans": [0.00040686235297471285, 0.0005364279495552182], "Hispanic_and_Latino_Americans": [0.009541993029415607, 0.003300992539152503, 0.0037207540590316057, 0.0029395699966698885]}}, "profession": {"mean": {"metalworking_occupations": 0.012891433732066717, "sewing_occupations": 0.0008572519473091234, "healthcare_occupations": 0.0007933838880324566, "computer_occupations": 0.0005517413665074855, "film_and_television_occupations": 0.0038363198788526156}, "var": {"metalworking_occupations": 0.000683475953616317, "sewing_occupations": 8.280936728549067e-07, "healthcare_occupations": 5.777495683833655e-07, "computer_occupations": 2.0413255102316964e-07, "film_and_television_occupations": 8.97925261503874e-05}, "raw": {"metalworking_occupations": [0.035992637276649475, 0.0004122471727896482, 0.00043290748726576567, 0.01741013675928116, 0.0028024883940815926, 0.0016226009465754032, 0.0017715749563649297, 0.0009935881244018674, 0.002233291044831276, 0.0003616770845837891, 0.0009500481537543237, 0.0003777985111810267, 0.0011953880311921239, 0.001743112225085497, 0.002769042272120714, 0.03582213073968887, 0.004569363780319691, 0.009516146034002304, 0.0028996579349040985, 0.03211946785449982, 0.000457929476397112, 0.004098555073142052, 0.033285386860370636, 0.005064212717115879, 0.003729922929778695, 0.13244253396987915, 0.012994864955544472], "sewing_occupations": [0.0016765543259680271, 0.0004753050743602216, 0.0003731591859832406, 0.0005529614863917232, 0.0031568065751343966, 0.0003945099888369441, 0.0011532766511663795, 0.0014984258450567722, 0.000528137490618974, 0.00040988190448842943, 0.00042105859029106796, 0.0003867365885525942, 0.0015075928531587124, 0.00034466813667677343, 0.00043110104161314666, 0.00035798500175587833, 0.00031603442039340734, 0.0005331132560968399, 0.00045472494093701243, 0.0007308295462280512, 0.0003678920620586723, 0.0016962334048002958, 0.0003841893339995295, 0.00047234061639755964, 0.00034519642940722406, 0.00047677758266218007, 0.00043983705108985305, 0.00458560511469841, 0.0004253277147654444, 0.0016423419583588839, 0.0004933227901346982, 0.00040013535181060433], "healthcare_occupations": [0.0005262204213067889, 0.00046616370673291385, 0.0007064248202368617, 0.0013503580121323466, 0.0005111399805173278, 0.0006821201532147825, 0.0004827578959520906, 0.0004915960016660392, 0.0030350233428180218, 0.0005158254061825573, 0.0014479899546131492, 0.0030300121288746595, 0.0003956955042667687, 0.00045818882063031197, 0.00040379728307016194, 0.0003759837127290666, 0.00039239285979419947, 0.00040558731416240335, 0.00047576744691468775, 0.00039383344119414687, 0.0004910829593427479, 0.0004164843703620136], "computer_occupations": [0.0004773202817887068, 0.00039411961915902793, 0.00038269045762717724, 0.000562522211112082, 0.000376652431441471, 0.0003974743012804538, 0.0003990228578913957, 0.002038515405729413, 0.0003804985317401588, 0.0004743453464470804, 0.0003644718963187188, 0.0003732630575541407], "film_and_television_occupations": [0.0009910303633660078, 0.0003690208541229367, 0.00046308801393024623, 0.00043185806134715676, 0.0005210980889387429, 0.0009291972382925451, 0.0010883673094213009, 0.00048368005082011223, 0.0003638532361947, 0.03500591218471527, 0.0004605014401022345, 0.004928231704980135]}}, "political_ideology": {"mean": {"left-wing": 0.0013314502430148423, "right-wing": 0.0005464465551388761, "communism": 0.0036029849933194263, "socialism": 0.004236637397182428, "democracy": 0.004952849426682895}, "var": {"left-wing": 1.5603050905558081e-06, "right-wing": 2.87901816261171e-08, "communism": 6.118237582086542e-05, "socialism": 9.411983107828868e-05, "democracy": 0.00040558672689727565}, "raw": {"left-wing": [0.000447454018285498, 0.000448921782663092, 0.0030979749280959368], "right-wing": [0.0004568937001749873, 0.00039842649130150676, 0.000784019473940134], "communism": [0.0004391985712572932, 0.0005026382277719676, 0.000414856564020738, 0.00037966007948853076, 0.004763909615576267, 0.0006768812309019268, 0.0009624265949241817, 0.0003619954804889858, 0.0063420673832297325, 0.001816992531530559, 0.0008393506868742406, 0.0005182321183383465, 0.0005504733417183161, 0.0003668622230179608, 0.0022230970207601786, 0.0006217684131115675, 0.008058209903538227, 0.034222546964883804, 0.006266715470701456, 0.0004345182387623936, 0.004828869365155697, 0.00047868749243207276, 0.0006034441757947206, 0.0011908500455319881, 0.0005166240152902901, 0.00036210197140462697, 0.0007928080740384758, 0.009379737079143524, 0.0004205194709356874, 0.000526574207469821, 0.0007346078637056053, 0.0004356575373094529, 0.0005470987525768578, 0.0003610655840020627, 0.0006515407585538924, 0.03817867860198021, 0.011714729480445385, 0.00048823788529261947, 0.007223962806165218, 0.0003340883704368025, 0.0004092765157110989, 0.0003838090051431209], "socialism": [0.0004093885072506964, 0.00041318158037029207, 0.0005144561873748899, 0.000402112869778648, 0.0005412864848040044, 0.0009141633054241538, 0.002242162823677063, 0.0003999839536845684, 0.0010104466928169131, 0.0003590844280552119, 0.03871951997280121, 0.04789596423506737, 0.005372896790504456, 0.00034827820491045713, 0.0018647005781531334, 0.0003361093404237181, 0.006841249763965607, 0.0003660810471046716, 0.0004118743818253279, 0.0005458103842101991, 0.0004991680616512895, 0.0003433851234149188, 0.0003512026451062411, 0.0004977464559487998, 0.0005577458068728447, 0.0004166523285675794, 0.0011300062760710716, 0.0003893797693308443, 0.0023241573944687843, 0.0004673530056606978, 0.0004382928309496492, 0.0003304033598396927, 0.00047186113079078496, 0.0003833603404927999, 0.0004708250635303557, 0.00040432115201838315, 0.0010844339849427342, 0.024095693603157997, 0.010533875785768032, 0.000660910620354116, 0.0007802637410350144, 0.0018253426533192396, 0.00059863569913432, 0.0004922855878248811, 0.0003421079891268164, 0.006785736884921789, 0.009938093833625317, 0.00039284536615014076, 0.0005892192129977047, 0.00041323082405142486, 0.0007338004652410746, 0.0007031172281131148, 0.0006272831233218312, 0.023200295865535736, 0.029833272099494934],